,KEY,FREQ,ADJUSTMENT,REF_AREA,COUNTERPART_AREA,REF_SECTOR,COUNTERPART_SECTOR,ACCOUNTING_ENTRY,STO,INSTR_ASSET,ACTIVITY,EXPENDITURE,UNIT_MEASURE,PRICES,TRANSFORMATION,TIME_PERIOD,OBS_VALUE,OBS_STATUS,CONF_STATUS,PRE_BREAK_VALUE,COMMENT_OBS,EMBARGO_DATE,TIME_FORMAT,COMMENT_TS,COMPILING_ORG,CURRENCY,DATA_COMP,DECIMALS,DISS_ORG,LAST_UPDATE,REF_PERIOD_DETAIL,REF_YEAR_PRICE,REPYEAREND,REPYEARSTART,TABLE_IDENTIFIER,TIME_PER_COLLECT,TITLE,TITLE_COMPL,UNIT_MULT,COMMENT_DSET
0,MNA.Q.Y.I9.W0.S1M.S1.D.P31._Z._Z._T.EUR.V.N,Q,Y,I9,W0,S1M,S1,D,P31,_Z,_Z,_T,EUR,V,N,1995-Q1,789428.169048028,A,F,,,,P3M,"Individual consumption expenditure - Euro area 20 (fixed composition) as of 1 January 2023 - World (all entities, including reference area, including IO), Households and non profit institutions serving households (NPISH), Euro, Current prices, , Calendar and seasonally adjusted data",4D0,,,2,,,C,,,,,S,Private final consumption,,6,
1,MNA.Q.Y.I9.W0.S1M.S1.D.P31._Z._Z._T.EUR.V.N,Q,Y,I9,W0,S1M,S1,D,P31,_Z,_Z,_T,EUR,V,N,1995-Q2,800041.157835363,A,F,,,,P3M,"Individual consumption expenditure - Euro area 20 (fixed composition) as of 1 January 2023 - World (all entities, including reference area, including IO), Households and non profit institutions serving households (NPISH), Euro, Current prices, , Calendar and seasonally adjusted data",4D0,,,2,,,C,,,,,S,Private final consumption,,6,
2,MNA.Q.Y.I9.W0.S1M.S1.D.P31._Z._Z._T.EUR.V.N,Q,Y,I9,W0,S1M,S1,D,P31,_Z,_Z,_T,EUR,V,N,1995-Q3,812368.664658704,A,F,,,,P3M,"Individual consumption expenditure - Euro area 20 (fixed composition) as of 1 January 2023 - World (all entities, including reference area, including IO), Households and non profit institutions serving households (NPISH), Euro, Current prices, , Calendar and seasonally adjusted data",4D0,,,2,,,C,,,,,S,Private final consumption,,6,
3,MNA.Q.Y.I9.W0.S1M.S1.D.P31._Z._Z._T.EUR.V.N,Q,Y,I9,W0,S1M,S1,D,P31,_Z,_Z,_T,EUR,V,N,1995-Q4,820579.965077528,A,F,,,,P3M,"Individual consumption expenditure - Euro area 20 (fixed composition) as of 1 January 2023 - World (all entities, including reference area, including IO), Households and non profit institutions serving households (NPISH), Euro, Current prices, , Calendar and seasonally adjusted data",4D0,,,2,,,C,,,,,S,Private final consumption,,6,
4,MNA.Q.Y.I9.W0.S1M.S1.D.P31._Z._Z._T.EUR.V.N,Q,Y,I9,W0,S1M,S1,D,P31,_Z,_Z,_T,EUR,V,N,1996-Q1,833977.37596861,A,F,,,,P3M,"Individual consumption expenditure - Euro area 20 (fixed composition) as of 1 January 2023 - World (all entities, including reference area, including IO), Households and non profit institutions serving households (NPISH), Euro, Current prices, , Calendar and seasonally adjusted data",4D0,,,2,,,C,,,,,S,Private final consumption,,6,
5,MNA.Q.Y.I9.W0.S1M.S1.D.P31._Z._Z._T.EUR.V.N,Q,Y,I9,W0,S1M,S1,D,P31,_Z,_Z,_T,EUR,V,N,1996-Q2,842787.745165878,A,F,,,,P3M,"Individual consumption expenditure - Euro area 20 (fixed composition) as of 1 January 2023 - World (all entities, including reference area, including IO), Households and non profit institutions serving households (NPISH), Euro, Current prices, , Calendar and seasonally adjusted data",4D0,,,2,,,C,,,,,S,Private final consumption,,6,
6,MNA.Q.Y.I9.W0.S1M.S1.D.P31._Z._Z._T.EUR.V.N,Q,Y,I9,W0,S1M,S1,D,P31,_Z,_Z,_T,EUR,V,N,1996-Q3,851157.402329831,A,F,,,,P3M,"Individual consumption expenditure - Euro area 20 (fixed composition) as of 1 January 2023 - World (all entities, including reference area, including IO), Households and non profit institutions serving households (NPISH), Euro, Current prices, , Calendar and seasonally adjusted data",4D0,,,2,,,C,,,,,S,Private final consumption,,6,
7,MNA.Q.Y.I9.W0.S1M.S1.D.P31._Z._Z._T.EUR.V.N,Q,Y,I9,W0,S1M,S1,D,P31,_Z,_Z,_T,EUR,V,N,1996-Q4,851551.185696822,A,F,,,,P3M,"Individual consumption expenditure - Euro area 20 (fixed composition) as of 1 January 2023 - World (all entities, including reference area, including IO), Households and non profit institutions serving households (NPISH), Euro, Current prices, , Calendar and seasonally adjusted data",4D0,,,2,,,C,,,,,S,Private final consumption,,6,
8,MNA.Q.Y.I9.W0.S1M.S1.D.P31._Z._Z._T.EUR.V.N,Q,Y,I9,W0,S1M,S1,D,P31,_Z,_Z,_T,EUR,V,N,1997-Q1,852833.940525224,A,F,,,,P3M,"Individual consumption expenditure - Euro area 20 (fixed composition) as of 1 January 2023 - World (all entities, including reference area, including IO), Households and non profit institutions serving households (NPISH), Euro, Current prices, , Calendar and seasonally adjusted data",4D0,,,2,,,C,,,,,S,Private final consumption,,6,
9,MNA.Q.Y.I9.W0.S1M.S1.D.P31._Z._Z._T.EUR.V.N,Q,Y,I9,W0,S1M,S1,D,P31,_Z,_Z,_T,EUR,V,N,1997-Q2,855567.898059796,A,F,,,,P3M,"Individual consumption expenditure - Euro area 20 (fixed composition) as of 1 January 2023 - World (all entities, including reference area, including IO), Households and non profit institutions serving households (NPISH), Euro, Current prices, , Calendar and seasonally adjusted data",4D0,,,2,,,C,,,,,S,Private final consumption,,6,
10,MNA.Q.Y.I9.W0.S1M.S1.D.P31._Z._Z._T.EUR.V.N,Q,Y,I9,W0,S1M,S1,D,P31,_Z,_Z,_T,EUR,V,N,1997-Q3,863100.712890956,A,F,,,,P3M,"Individual consumption expenditure - Euro area 20 (fixed composition) as of 1 January 2023 - World (all entities, including reference area, including IO), Households and non profit institutions serving households (NPISH), Euro, Current prices, , Calendar and seasonally adjusted data",4D0,,,2,,,C,,,,,S,Private final consumption,,6,
11,MNA.Q.Y.I9.W0.S1M.S1.D.P31._Z._Z._T.EUR.V.N,Q,Y,I9,W0,S1M,S1,D,P31,_Z,_Z,_T,EUR,V,N,1997-Q4,877040.459533047,A,F,,,,P3M,"Individual consumption expenditure - Euro area 20 (fixed composition) as of 1 January 2023 - World (all entities, including reference area, including IO), Households and non profit institutions serving households (NPISH), Euro, Current prices, , Calendar and seasonally adjusted data",4D0,,,2,,,C,,,,,S,Private final consumption,,6,
12,MNA.Q.Y.I9.W0.S1M.S1.D.P31._Z._Z._T.EUR.V.N,Q,Y,I9,W0,S1M,S1,D,P31,_Z,_Z,_T,EUR,V,N,1998-Q1,878091.915581372,A,F,,,,P3M,"Individual consumption expenditure - Euro area 20 (fixed composition) as of 1 January 2023 - World (all entities, including reference area, including IO), Households and non profit institutions serving households (NPISH), Euro, Current prices, , Calendar and seasonally adjusted data",4D0,,,2,,,C,,,,,S,Private final consumption,,6,
13,MNA.Q.Y.I9.W0.S1M.S1.D.P31._Z._Z._T.EUR.V.N,Q,Y,I9,W0,S1M,S1,D,P31,_Z,_Z,_T,EUR,V,N,1998-Q2,886211.463494134,A,F,,,,P3M,"Individual consumption expenditure - Euro area 20 (fixed composition) as of 1 January 2023 - World (all entities, including reference area, including IO), Households and non profit institutions serving households (NPISH), Euro, Current prices, , Calendar and seasonally adjusted data",4D0,,,2,,,C,,,,,S,Private final consumption,,6,
14,MNA.Q.Y.I9.W0.S1M.S1.D.P31._Z._Z._T.EUR.V.N,Q,Y,I9,W0,S1M,S1,D,P31,_Z,_Z,_T,EUR,V,N,1998-Q3,898930.513256306,A,F,,,,P3M,"Individual consumption expenditure - Euro area 20 (fixed composition) as of 1 January 2023 - World (all entities, including reference area, including IO), Households and non profit institutions serving households (NPISH), Euro, Current prices, , Calendar and seasonally adjusted data",4D0,,,2,,,C,,,,,S,Private final consumption,,6,
15,MNA.Q.Y.I9.W0.S1M.S1.D.P31._Z._Z._T.EUR.V.N,Q,Y,I9,W0,S1M,S1,D,P31,_Z,_Z,_T,EUR,V,N,1998-Q4,913547.075965399,A,F,,,,P3M,"Individual consumption expenditure - Euro area 20 (fixed composition) as of 1 January 2023 - World (all entities, including reference area, including IO), Households and non profit institutions serving households (NPISH), Euro, Current prices, , Calendar and seasonally adjusted data",4D0,,,2,,,C,,,,,S,Private final consumption,,6,
16,MNA.Q.Y.I9.W0.S1M.S1.D.P31._Z._Z._T.EUR.V.N,Q,Y,I9,W0,S1M,S1,D,P31,_Z,_Z,_T,EUR,V,N,1999-Q1,921386.450924091,A,F,,,,P3M,"Individual consumption expenditure - Euro area 20 (fixed composition) as of 1 January 2023 - World (all entities, including reference area, including IO), Households and non profit institutions serving households (NPISH), Euro, Current prices, , Calendar and seasonally adjusted data",4D0,,,2,,,C,,,,,S,Private final consumption,,6,
17,MNA.Q.Y.I9.W0.S1M.S1.D.P31._Z._Z._T.EUR.V.N,Q,Y,I9,W0,S1M,S1,D,P31,_Z,_Z,_T,EUR,V,N,1999-Q2,932694.258126265,A,F,,,,P3M,"Individual consumption expenditure - Euro area 20 (fixed composition) as of 1 January 2023 - World (all entities, including reference area, including IO), Households and non profit institutions serving households (NPISH), Euro, Current prices, , Calendar and seasonally adjusted data",4D0,,,2,,,C,,,,,S,Private final consumption,,6,
18,MNA.Q.Y.I9.W0.S1M.S1.D.P31._Z._Z._T.EUR.V.N,Q,Y,I9,W0,S1M,S1,D,P31,_Z,_Z,_T,EUR,V,N,1999-Q3,945766.802923425,A,F,,,,P3M,"Individual consumption expenditure - Euro area 20 (fixed composition) as of 1 January 2023 - World (all entities, including reference area, including IO), Households and non profit institutions serving households (NPISH), Euro, Current prices, , Calendar and seasonally adjusted data",4D0,,,2,,,C,,,,,S,Private final consumption,,6,
19,MNA.Q.Y.I9.W0.S1M.S1.D.P31._Z._Z._T.EUR.V.N,Q,Y,I9,W0,S1M,S1,D,P31,_Z,_Z,_T,EUR,V,N,1999-Q4,957526.605275908,A,F,,,,P3M,"Individual consumption expenditure - Euro area 20 (fixed composition) as of 1 January 2023 - World (all entities, including reference area, including IO), Households and non profit institutions serving households (NPISH), Euro, Current prices, , Calendar and seasonally adjusted data",4D0,,,2,,,C,,,,,S,Private final consumption,,6,
20,MNA.Q.Y.I9.W0.S1M.S1.D.P31._Z._Z._T.EUR.V.N,Q,Y,I9,W0,S1M,S1,D,P31,_Z,_Z,_T,EUR,V,N,2000-Q1,973577.472343622,A,F,,,,P3M,"Individual consumption expenditure - Euro area 20 (fixed composition) as of 1 January 2023 - World (all entities, including reference area, including IO), Households and non profit institutions serving households (NPISH), Euro, Current prices, , Calendar and seasonally adjusted data",4D0,,,2,,,C,,,,,S,Private final consumption,,6,
21,MNA.Q.Y.I9.W0.S1M.S1.D.P31._Z._Z._T.EUR.V.N,Q,Y,I9,W0,S1M,S1,D,P31,_Z,_Z,_T,EUR,V,N,2000-Q2,985929.158106848,A,F,,,,P3M,"Individual consumption expenditure - Euro area 20 (fixed composition) as of 1 January 2023 - World (all entities, including reference area, including IO), Households and non profit institutions serving households (NPISH), Euro, Current prices, , Calendar and seasonally adjusted data",4D0,,,2,,,C,,,,,S,Private final consumption,,6,
22,MNA.Q.Y.I9.W0.S1M.S1.D.P31._Z._Z._T.EUR.V.N,Q,Y,I9,W0,S1M,S1,D,P31,_Z,_Z,_T,EUR,V,N,2000-Q3,997046.556113164,A,F,,,,P3M,"Individual consumption expenditure - Euro area 20 (fixed composition) as of 1 January 2023 - World (all entities, including reference area, including IO), Households and non profit institutions serving households (NPISH), Euro, Current prices, , Calendar and seasonally adjusted data",4D0,,,2,,,C,,,,,S,Private final consumption,,6,
23,MNA.Q.Y.I9.W0.S1M.S1.D.P31._Z._Z._T.EUR.V.N,Q,Y,I9,W0,S1M,S1,D,P31,_Z,_Z,_T,EUR,V,N,2000-Q4,1007192.39869601,A,F,,,,P3M,"Individual consumption expenditure - Euro area 20 (fixed composition) as of 1 January 2023 - World (all entities, including reference area, including IO), Households and non profit institutions serving households (NPISH), Euro, Current prices, , Calendar and seasonally adjusted data",4D0,,,2,,,C,,,,,S,Private final consumption,,6,
24,MNA.Q.Y.I9.W0.S1M.S1.D.P31._Z._Z._T.EUR.V.N,Q,Y,I9,W0,S1M,S1,D,P31,_Z,_Z,_T,EUR,V,N,2001-Q1,1020906.43388002,A,F,,,,P3M,"Individual consumption expenditure - Euro area 20 (fixed composition) as of 1 January 2023 - World (all entities, including reference area, including IO), Households and non profit institutions serving households (NPISH), Euro, Current prices, , Calendar and seasonally adjusted data",4D0,,,2,,,C,,,,,S,Private final consumption,,6,
25,MNA.Q.Y.I9.W0.S1M.S1.D.P31._Z._Z._T.EUR.V.N,Q,Y,I9,W0,S1M,S1,D,P31,_Z,_Z,_T,EUR,V,N,2001-Q2,1031542.87196529,A,F,,,,P3M,"Individual consumption expenditure - Euro area 20 (fixed composition) as of 1 January 2023 - World (all entities, including reference area, including IO), Households and non profit institutions serving households (NPISH), Euro, Current prices, , Calendar and seasonally adjusted data",4D0,,,2,,,C,,,,,S,Private final consumption,,6,
26,MNA.Q.Y.I9.W0.S1M.S1.D.P31._Z._Z._T.EUR.V.N,Q,Y,I9,W0,S1M,S1,D,P31,_Z,_Z,_T,EUR,V,N,2001-Q3,1038513.43318043,A,F,,,,P3M,"Individual consumption expenditure - Euro area 20 (fixed composition) as of 1 January 2023 - World (all entities, including reference area, including IO), Households and non profit institutions serving households (NPISH), Euro, Current prices, , Calendar and seasonally adjusted data",4D0,,,2,,,C,,,,,S,Private final consumption,,6,
27,MNA.Q.Y.I9.W0.S1M.S1.D.P31._Z._Z._T.EUR.V.N,Q,Y,I9,W0,S1M,S1,D,P31,_Z,_Z,_T,EUR,V,N,2001-Q4,1046469.23979577,A,F,,,,P3M,"Individual consumption expenditure - Euro area 20 (fixed composition) as of 1 January 2023 - World (all entities, including reference area, including IO), Households and non profit institutions serving households (NPISH), Euro, Current prices, , Calendar and seasonally adjusted data",4D0,,,2,,,C,,,,,S,Private final consumption,,6,
28,MNA.Q.Y.I9.W0.S1M.S1.D.P31._Z._Z._T.EUR.V.N,Q,Y,I9,W0,S1M,S1,D,P31,_Z,_Z,_T,EUR,V,N,2002-Q1,1054029.07442546,A,F,,,,P3M,"Individual consumption expenditure - Euro area 20 (fixed composition) as of 1 January 2023 - World (all entities, including reference area, including IO), Households and non profit institutions serving households (NPISH), Euro, Current prices, , Calendar and seasonally adjusted data",4D0,,,2,,,C,,,,,S,Private final consumption,,6,
29,MNA.Q.Y.I9.W0.S1M.S1.D.P31._Z._Z._T.EUR.V.N,Q,Y,I9,W0,S1M,S1,D,P31,_Z,_Z,_T,EUR,V,N,2002-Q2,1059341.71309158,A,F,,,,P3M,"Individual consumption expenditure - Euro area 20 (fixed composition) as of 1 January 2023 - World (all entities, including reference area, including IO), Households and non profit institutions serving households (NPISH), Euro, Current prices, , Calendar and seasonally adjusted data",4D0,,,2,,,C,,,,,S,Private final consumption,,6,
30,MNA.Q.Y.I9.W0.S1M.S1.D.P31._Z._Z._T.EUR.V.N,Q,Y,I9,W0,S1M,S1,D,P31,_Z,_Z,_T,EUR,V,N,2002-Q3,1068983.24904515,A,F,,,,P3M,"Individual consumption expenditure - Euro area 20 (fixed composition) as of 1 January 2023 - World (all entities, including reference area, including IO), Households and non profit institutions serving households (NPISH), Euro, Current prices, , Calendar and seasonally adjusted data",4D0,,,2,,,C,,,,,S,Private final consumption,,6,
31,MNA.Q.Y.I9.W0.S1M.S1.D.P31._Z._Z._T.EUR.V.N,Q,Y,I9,W0,S1M,S1,D,P31,_Z,_Z,_T,EUR,V,N,2002-Q4,1080865.16566274,A,F,,,,P3M,"Individual consumption expenditure - Euro area 20 (fixed composition) as of 1 January 2023 - World (all entities, including reference area, including IO), Households and non profit institutions serving households (NPISH), Euro, Current prices, , Calendar and seasonally adjusted data",4D0,,,2,,,C,,,,,S,Private final consumption,,6,
32,MNA.Q.Y.I9.W0.S1M.S1.D.P31._Z._Z._T.EUR.V.N,Q,Y,I9,W0,S1M,S1,D,P31,_Z,_Z,_T,EUR,V,N,2003-Q1,1092070.32718893,A,F,,,,P3M,"Individual consumption expenditure - Euro area 20 (fixed composition) as of 1 January 2023 - World (all entities, including reference area, including IO), Households and non profit institutions serving households (NPISH), Euro, Current prices, , Calendar and seasonally adjusted data",4D0,,,2,,,C,,,,,S,Private final consumption,,6,
33,MNA.Q.Y.I9.W0.S1M.S1.D.P31._Z._Z._T.EUR.V.N,Q,Y,I9,W0,S1M,S1,D,P31,_Z,_Z,_T,EUR,V,N,2003-Q2,1097246.28096599,A,F,,,,P3M,"Individual consumption expenditure - Euro area 20 (fixed composition) as of 1 January 2023 - World (all entities, including reference area, including IO), Households and non profit institutions serving households (NPISH), Euro, Current prices, , Calendar and seasonally adjusted data",4D0,,,2,,,C,,,,,S,Private final consumption,,6,
34,MNA.Q.Y.I9.W0.S1M.S1.D.P31._Z._Z._T.EUR.V.N,Q,Y,I9,W0,S1M,S1,D,P31,_Z,_Z,_T,EUR,V,N,2003-Q3,1108769.14861429,A,F,,,,P3M,"Individual consumption expenditure - Euro area 20 (fixed composition) as of 1 January 2023 - World (all entities, including reference area, including IO), Households and non profit institutions serving households (NPISH), Euro, Current prices, , Calendar and seasonally adjusted data",4D0,,,2,,,C,,,,,S,Private final consumption,,6,
35,MNA.Q.Y.I9.W0.S1M.S1.D.P31._Z._Z._T.EUR.V.N,Q,Y,I9,W0,S1M,S1,D,P31,_Z,_Z,_T,EUR,V,N,2003-Q4,1117666.26100827,A,F,,,,P3M,"Individual consumption expenditure - Euro area 20 (fixed composition) as of 1 January 2023 - World (all entities, including reference area, including IO), Households and non profit institutions serving households (NPISH), Euro, Current prices, , Calendar and seasonally adjusted data",4D0,,,2,,,C,,,,,S,Private final consumption,,6,
36,MNA.Q.Y.I9.W0.S1M.S1.D.P31._Z._Z._T.EUR.V.N,Q,Y,I9,W0,S1M,S1,D,P31,_Z,_Z,_T,EUR,V,N,2004-Q1,1129365.86203935,A,F,,,,P3M,"Individual consumption expenditure - Euro area 20 (fixed composition) as of 1 January 2023 - World (all entities, including reference area, including IO), Households and non profit institutions serving households (NPISH), Euro, Current prices, , Calendar and seasonally adjusted data",4D0,,,2,,,C,,,,,S,Private final consumption,,6,
37,MNA.Q.Y.I9.W0.S1M.S1.D.P31._Z._Z._T.EUR.V.N,Q,Y,I9,W0,S1M,S1,D,P31,_Z,_Z,_T,EUR,V,N,2004-Q2,1139863.97209145,A,F,,,,P3M,"Individual consumption expenditure - Euro area 20 (fixed composition) as of 1 January 2023 - World (all entities, including reference area, including IO), Households and non profit institutions serving households (NPISH), Euro, Current prices, , Calendar and seasonally adjusted data",4D0,,,2,,,C,,,,,S,Private final consumption,,6,
38,MNA.Q.Y.I9.W0.S1M.S1.D.P31._Z._Z._T.EUR.V.N,Q,Y,I9,W0,S1M,S1,D,P31,_Z,_Z,_T,EUR,V,N,2004-Q3,1147171.38290562,A,F,,,,P3M,"Individual consumption expenditure - Euro area 20 (fixed composition) as of 1 January 2023 - World (all entities, including reference area, including IO), Households and non profit institutions serving households (NPISH), Euro, Current prices, , Calendar and seasonally adjusted data",4D0,,,2,,,C,,,,,S,Private final consumption,,6,
39,MNA.Q.Y.I9.W0.S1M.S1.D.P31._Z._Z._T.EUR.V.N,Q,Y,I9,W0,S1M,S1,D,P31,_Z,_Z,_T,EUR,V,N,2004-Q4,1162035.55059761,A,F,,,,P3M,"Individual consumption expenditure - Euro area 20 (fixed composition) as of 1 January 2023 - World (all entities, including reference area, including IO), Households and non profit institutions serving households (NPISH), Euro, Current prices, , Calendar and seasonally adjusted data",4D0,,,2,,,C,,,,,S,Private final consumption,,6,
40,MNA.Q.Y.I9.W0.S1M.S1.D.P31._Z._Z._T.EUR.V.N,Q,Y,I9,W0,S1M,S1,D,P31,_Z,_Z,_T,EUR,V,N,2005-Q1,1172202.65340716,A,F,,,,P3M,"Individual consumption expenditure - Euro area 20 (fixed composition) as of 1 January 2023 - World (all entities, including reference area, including IO), Households and non profit institutions serving households (NPISH), Euro, Current prices, , Calendar and seasonally adjusted data",4D0,,,2,,,C,,,,,S,Private final consumption,,6,
41,MNA.Q.Y.I9.W0.S1M.S1.D.P31._Z._Z._T.EUR.V.N,Q,Y,I9,W0,S1M,S1,D,P31,_Z,_Z,_T,EUR,V,N,2005-Q2,1185501.6986208,A,F,,,,P3M,"Individual consumption expenditure - Euro area 20 (fixed composition) as of 1 January 2023 - World (all entities, including reference area, including IO), Households and non profit institutions serving households (NPISH), Euro, Current prices, , Calendar and seasonally adjusted data",4D0,,,2,,,C,,,,,S,Private final consumption,,6,
42,MNA.Q.Y.I9.W0.S1M.S1.D.P31._Z._Z._T.EUR.V.N,Q,Y,I9,W0,S1M,S1,D,P31,_Z,_Z,_T,EUR,V,N,2005-Q3,1199641.18888007,A,F,,,,P3M,"Individual consumption expenditure - Euro area 20 (fixed composition) as of 1 January 2023 - World (all entities, including reference area, including IO), Households and non profit institutions serving households (NPISH), Euro, Current prices, , Calendar and seasonally adjusted data",4D0,,,2,,,C,,,,,S,Private final consumption,,6,
43,MNA.Q.Y.I9.W0.S1M.S1.D.P31._Z._Z._T.EUR.V.N,Q,Y,I9,W0,S1M,S1,D,P31,_Z,_Z,_T,EUR,V,N,2005-Q4,1210297.93605992,A,F,,,,P3M,"Individual consumption expenditure - Euro area 20 (fixed composition) as of 1 January 2023 - World (all entities, including reference area, including IO), Households and non profit institutions serving households (NPISH), Euro, Current prices, , Calendar and seasonally adjusted data",4D0,,,2,,,C,,,,,S,Private final consumption,,6,
44,MNA.Q.Y.I9.W0.S1M.S1.D.P31._Z._Z._T.EUR.V.N,Q,Y,I9,W0,S1M,S1,D,P31,_Z,_Z,_T,EUR,V,N,2006-Q1,1226205.22712896,A,F,,,,P3M,"Individual consumption expenditure - Euro area 20 (fixed composition) as of 1 January 2023 - World (all entities, including reference area, including IO), Households and non profit institutions serving households (NPISH), Euro, Current prices, , Calendar and seasonally adjusted data",4D0,,,2,,,C,,,,,S,Private final consumption,,6,
45,MNA.Q.Y.I9.W0.S1M.S1.D.P31._Z._Z._T.EUR.V.N,Q,Y,I9,W0,S1M,S1,D,P31,_Z,_Z,_T,EUR,V,N,2006-Q2,1242762.63832006,A,F,,,,P3M,"Individual consumption expenditure - Euro area 20 (fixed composition) as of 1 January 2023 - World (all entities, including reference area, including IO), Households and non profit institutions serving households (NPISH), Euro, Current prices, , Calendar and seasonally adjusted data",4D0,,,2,,,C,,,,,S,Private final consumption,,6,
46,MNA.Q.Y.I9.W0.S1M.S1.D.P31._Z._Z._T.EUR.V.N,Q,Y,I9,W0,S1M,S1,D,P31,_Z,_Z,_T,EUR,V,N,2006-Q3,1252249.6849079,A,F,,,,P3M,"Individual consumption expenditure - Euro area 20 (fixed composition) as of 1 January 2023 - World (all entities, including reference area, including IO), Households and non profit institutions serving households (NPISH), Euro, Current prices, , Calendar and seasonally adjusted data",4D0,,,2,,,C,,,,,S,Private final consumption,,6,
47,MNA.Q.Y.I9.W0.S1M.S1.D.P31._Z._Z._T.EUR.V.N,Q,Y,I9,W0,S1M,S1,D,P31,_Z,_Z,_T,EUR,V,N,2006-Q4,1264960.51578934,A,F,,,,P3M,"Individual consumption expenditure - Euro area 20 (fixed composition) as of 1 January 2023 - World (all entities, including reference area, including IO), Households and non profit institutions serving households (NPISH), Euro, Current prices, , Calendar and seasonally adjusted data",4D0,,,2,,,C,,,,,S,Private final consumption,,6,
48,MNA.Q.Y.I9.W0.S1M.S1.D.P31._Z._Z._T.EUR.V.N,Q,Y,I9,W0,S1M,S1,D,P31,_Z,_Z,_T,EUR,V,N,2007-Q1,1276758.75027714,A,F,,,,P3M,"Individual consumption expenditure - Euro area 20 (fixed composition) as of 1 January 2023 - World (all entities, including reference area, including IO), Households and non profit institutions serving households (NPISH), Euro, Current prices, , Calendar and seasonally adjusted data",4D0,,,2,,,C,,,,,S,Private final consumption,,6,
49,MNA.Q.Y.I9.W0.S1M.S1.D.P31._Z._Z._T.EUR.V.N,Q,Y,I9,W0,S1M,S1,D,P31,_Z,_Z,_T,EUR,V,N,2007-Q2,1295222.39901371,A,F,,,,P3M,"Individual consumption expenditure - Euro area 20 (fixed composition) as of 1 January 2023 - World (all entities, including reference area, including IO), Households and non profit institutions serving households (NPISH), Euro, Current prices, , Calendar and seasonally adjusted data",4D0,,,2,,,C,,,,,S,Private final consumption,,6,
50,MNA.Q.Y.I9.W0.S1M.S1.D.P31._Z._Z._T.EUR.V.N,Q,Y,I9,W0,S1M,S1,D,P31,_Z,_Z,_T,EUR,V,N,2007-Q3,1306540.70509315,A,F,,,,P3M,"Individual consumption expenditure - Euro area 20 (fixed composition) as of 1 January 2023 - World (all entities, including reference area, including IO), Households and non profit institutions serving households (NPISH), Euro, Current prices, , Calendar and seasonally adjusted data",4D0,,,2,,,C,,,,,S,Private final consumption,,6,
51,MNA.Q.Y.I9.W0.S1M.S1.D.P31._Z._Z._T.EUR.V.N,Q,Y,I9,W0,S1M,S1,D,P31,_Z,_Z,_T,EUR,V,N,2007-Q4,1324293.90148339,A,F,,,,P3M,"Individual consumption expenditure - Euro area 20 (fixed composition) as of 1 January 2023 - World (all entities, including reference area, including IO), Households and non profit institutions serving households (NPISH), Euro, Current prices, , Calendar and seasonally adjusted data",4D0,,,2,,,C,,,,,S,Private final consumption,,6,
52,MNA.Q.Y.I9.W0.S1M.S1.D.P31._Z._Z._T.EUR.V.N,Q,Y,I9,W0,S1M,S1,D,P31,_Z,_Z,_T,EUR,V,N,2008-Q1,1338716.9928228,A,F,,,,P3M,"Individual consumption expenditure - Euro area 20 (fixed composition) as of 1 January 2023 - World (all entities, including reference area, including IO), Households and non profit institutions serving households (NPISH), Euro, Current prices, , Calendar and seasonally adjusted data",4D0,,,2,,,C,,,,,S,Private final consumption,,6,
53,MNA.Q.Y.I9.W0.S1M.S1.D.P31._Z._Z._T.EUR.V.N,Q,Y,I9,W0,S1M,S1,D,P31,_Z,_Z,_T,EUR,V,N,2008-Q2,1345049.80178318,A,F,,,,P3M,"Individual consumption expenditure - Euro area 20 (fixed composition) as of 1 January 2023 - World (all entities, including reference area, including IO), Households and non profit institutions serving households (NPISH), Euro, Current prices, , Calendar and seasonally adjusted data",4D0,,,2,,,C,,,,,S,Private final consumption,,6,
54,MNA.Q.Y.I9.W0.S1M.S1.D.P31._Z._Z._T.EUR.V.N,Q,Y,I9,W0,S1M,S1,D,P31,_Z,_Z,_T,EUR,V,N,2008-Q3,1346700.35413145,A,F,,,,P3M,"Individual consumption expenditure - Euro area 20 (fixed composition) as of 1 January 2023 - World (all entities, including reference area, including IO), Households and non profit institutions serving households (NPISH), Euro, Current prices, , Calendar and seasonally adjusted data",4D0,,,2,,,C,,,,,S,Private final consumption,,6,
55,MNA.Q.Y.I9.W0.S1M.S1.D.P31._Z._Z._T.EUR.V.N,Q,Y,I9,W0,S1M,S1,D,P31,_Z,_Z,_T,EUR,V,N,2008-Q4,1331246.65783354,A,F,,,,P3M,"Individual consumption expenditure - Euro area 20 (fixed composition) as of 1 January 2023 - World (all entities, including reference area, including IO), Households and non profit institutions serving households (NPISH), Euro, Current prices, , Calendar and seasonally adjusted data",4D0,,,2,,,C,,,,,S,Private final consumption,,6,
56,MNA.Q.Y.I9.W0.S1M.S1.D.P31._Z._Z._T.EUR.V.N,Q,Y,I9,W0,S1M,S1,D,P31,_Z,_Z,_T,EUR,V,N,2009-Q1,1315107.20886462,A,F,,,,P3M,"Individual consumption expenditure - Euro area 20 (fixed composition) as of 1 January 2023 - World (all entities, including reference area, including IO), Households and non profit institutions serving households (NPISH), Euro, Current prices, , Calendar and seasonally adjusted data",4D0,,,2,,,C,,,,,S,Private final consumption,,6,
57,MNA.Q.Y.I9.W0.S1M.S1.D.P31._Z._Z._T.EUR.V.N,Q,Y,I9,W0,S1M,S1,D,P31,_Z,_Z,_T,EUR,V,N,2009-Q2,1315919.0125088,A,F,,,,P3M,"Individual consumption expenditure - Euro area 20 (fixed composition) as of 1 January 2023 - World (all entities, including reference area, including IO), Households and non profit institutions serving households (NPISH), Euro, Current prices, , Calendar and seasonally adjusted data",4D0,,,2,,,C,,,,,S,Private final consumption,,6,
58,MNA.Q.Y.I9.W0.S1M.S1.D.P31._Z._Z._T.EUR.V.N,Q,Y,I9,W0,S1M,S1,D,P31,_Z,_Z,_T,EUR,V,N,2009-Q3,1318336.29079142,A,F,,,,P3M,"Individual consumption expenditure - Euro area 20 (fixed composition) as of 1 January 2023 - World (all entities, including reference area, including IO), Households and non profit institutions serving households (NPISH), Euro, Current prices, , Calendar and seasonally adjusted data",4D0,,,2,,,C,,,,,S,Private final consumption,,6,
59,MNA.Q.Y.I9.W0.S1M.S1.D.P31._Z._Z._T.EUR.V.N,Q,Y,I9,W0,S1M,S1,D,P31,_Z,_Z,_T,EUR,V,N,2009-Q4,1326402.84681753,A,F,,,,P3M,"Individual consumption expenditure - Euro area 20 (fixed composition) as of 1 January 2023 - World (all entities, including reference area, including IO), Households and non profit institutions serving households (NPISH), Euro, Current prices, , Calendar and seasonally adjusted data",4D0,,,2,,,C,,,,,S,Private final consumption,,6,
60,MNA.Q.Y.I9.W0.S1M.S1.D.P31._Z._Z._T.EUR.V.N,Q,Y,I9,W0,S1M,S1,D,P31,_Z,_Z,_T,EUR,V,N,2010-Q1,1334664.8545654,A,F,,,,P3M,"Individual consumption expenditure - Euro area 20 (fixed composition) as of 1 January 2023 - World (all entities, including reference area, including IO), Households and non profit institutions serving households (NPISH), Euro, Current prices, , Calendar and seasonally adjusted data",4D0,,,2,,,C,,,,,S,Private final consumption,,6,
61,MNA.Q.Y.I9.W0.S1M.S1.D.P31._Z._Z._T.EUR.V.N,Q,Y,I9,W0,S1M,S1,D,P31,_Z,_Z,_T,EUR,V,N,2010-Q2,1345624.55361837,A,F,,,,P3M,"Individual consumption expenditure - Euro area 20 (fixed composition) as of 1 January 2023 - World (all entities, including reference area, including IO), Households and non profit institutions serving households (NPISH), Euro, Current prices, , Calendar and seasonally adjusted data",4D0,,,2,,,C,,,,,S,Private final consumption,,6,
62,MNA.Q.Y.I9.W0.S1M.S1.D.P31._Z._Z._T.EUR.V.N,Q,Y,I9,W0,S1M,S1,D,P31,_Z,_Z,_T,EUR,V,N,2010-Q3,1354801.70572452,A,F,,,,P3M,"Individual consumption expenditure - Euro area 20 (fixed composition) as of 1 January 2023 - World (all entities, including reference area, including IO), Households and non profit institutions serving households (NPISH), Euro, Current prices, , Calendar and seasonally adjusted data",4D0,,,2,,,C,,,,,S,Private final consumption,,6,
63,MNA.Q.Y.I9.W0.S1M.S1.D.P31._Z._Z._T.EUR.V.N,Q,Y,I9,W0,S1M,S1,D,P31,_Z,_Z,_T,EUR,V,N,2010-Q4,1367905.9666848,A,F,,,,P3M,"Individual consumption expenditure - Euro area 20 (fixed composition) as of 1 January 2023 - World (all entities, including reference area, including IO), Households and non profit institutions serving households (NPISH), Euro, Current prices, , Calendar and seasonally adjusted data",4D0,,,2,,,C,,,,,S,Private final consumption,,6,
64,MNA.Q.Y.I9.W0.S1M.S1.D.P31._Z._Z._T.EUR.V.N,Q,Y,I9,W0,S1M,S1,D,P31,_Z,_Z,_T,EUR,V,N,2011-Q1,1376731.21698687,A,F,,,,P3M,"Individual consumption expenditure - Euro area 20 (fixed composition) as of 1 January 2023 - World (all entities, including reference area, including IO), Households and non profit institutions serving households (NPISH), Euro, Current prices, , Calendar and seasonally adjusted data",4D0,,,2,,,C,,,,,S,Private final consumption,,6,
65,MNA.Q.Y.I9.W0.S1M.S1.D.P31._Z._Z._T.EUR.V.N,Q,Y,I9,W0,S1M,S1,D,P31,_Z,_Z,_T,EUR,V,N,2011-Q2,1382207.12558453,A,F,,,,P3M,"Individual consumption expenditure - Euro area 20 (fixed composition) as of 1 January 2023 - World (all entities, including reference area, including IO), Households and non profit institutions serving households (NPISH), Euro, Current prices, , Calendar and seasonally adjusted data",4D0,,,2,,,C,,,,,S,Private final consumption,,6,
66,MNA.Q.Y.I9.W0.S1M.S1.D.P31._Z._Z._T.EUR.V.N,Q,Y,I9,W0,S1M,S1,D,P31,_Z,_Z,_T,EUR,V,N,2011-Q3,1385155.36591409,A,F,,,,P3M,"Individual consumption expenditure - Euro area 20 (fixed composition) as of 1 January 2023 - World (all entities, including reference area, including IO), Households and non profit institutions serving households (NPISH), Euro, Current prices, , Calendar and seasonally adjusted data",4D0,,,2,,,C,,,,,S,Private final consumption,,6,
67,MNA.Q.Y.I9.W0.S1M.S1.D.P31._Z._Z._T.EUR.V.N,Q,Y,I9,W0,S1M,S1,D,P31,_Z,_Z,_T,EUR,V,N,2011-Q4,1386979.15659867,A,F,,,,P3M,"Individual consumption expenditure - Euro area 20 (fixed composition) as of 1 January 2023 - World (all entities, including reference area, including IO), Households and non profit institutions serving households (NPISH), Euro, Current prices, , Calendar and seasonally adjusted data",4D0,,,2,,,C,,,,,S,Private final consumption,,6,
68,MNA.Q.Y.I9.W0.S1M.S1.D.P31._Z._Z._T.EUR.V.N,Q,Y,I9,W0,S1M,S1,D,P31,_Z,_Z,_T,EUR,V,N,2012-Q1,1393637.70976488,A,F,,,,P3M,"Individual consumption expenditure - Euro area 20 (fixed composition) as of 1 January 2023 - World (all entities, including reference area, including IO), Households and non profit institutions serving households (NPISH), Euro, Current prices, , Calendar and seasonally adjusted data",4D0,,,2,,,C,,,,,S,Private final consumption,,6,
69,MNA.Q.Y.I9.W0.S1M.S1.D.P31._Z._Z._T.EUR.V.N,Q,Y,I9,W0,S1M,S1,D,P31,_Z,_Z,_T,EUR,V,N,2012-Q2,1391442.17916586,A,F,,,,P3M,"Individual consumption expenditure - Euro area 20 (fixed composition) as of 1 January 2023 - World (all entities, including reference area, including IO), Households and non profit institutions serving households (NPISH), Euro, Current prices, , Calendar and seasonally adjusted data",4D0,,,2,,,C,,,,,S,Private final consumption,,6,
70,MNA.Q.Y.I9.W0.S1M.S1.D.P31._Z._Z._T.EUR.V.N,Q,Y,I9,W0,S1M,S1,D,P31,_Z,_Z,_T,EUR,V,N,2012-Q3,1392550.93870349,A,F,,,,P3M,"Individual consumption expenditure - Euro area 20 (fixed composition) as of 1 January 2023 - World (all entities, including reference area, including IO), Households and non profit institutions serving households (NPISH), Euro, Current prices, , Calendar and seasonally adjusted data",4D0,,,2,,,C,,,,,S,Private final consumption,,6,
71,MNA.Q.Y.I9.W0.S1M.S1.D.P31._Z._Z._T.EUR.V.N,Q,Y,I9,W0,S1M,S1,D,P31,_Z,_Z,_T,EUR,V,N,2012-Q4,1392967.6013389,A,F,,,,P3M,"Individual consumption expenditure - Euro area 20 (fixed composition) as of 1 January 2023 - World (all entities, including reference area, including IO), Households and non profit institutions serving households (NPISH), Euro, Current prices, , Calendar and seasonally adjusted data",4D0,,,2,,,C,,,,,S,Private final consumption,,6,
72,MNA.Q.Y.I9.W0.S1M.S1.D.P31._Z._Z._T.EUR.V.N,Q,Y,I9,W0,S1M,S1,D,P31,_Z,_Z,_T,EUR,V,N,2013-Q1,1391923.18142726,A,F,,,,P3M,"Individual consumption expenditure - Euro area 20 (fixed composition) as of 1 January 2023 - World (all entities, including reference area, including IO), Households and non profit institutions serving households (NPISH), Euro, Current prices, , Calendar and seasonally adjusted data",4D0,,,2,,,C,,,,,S,Private final consumption,,6,
73,MNA.Q.Y.I9.W0.S1M.S1.D.P31._Z._Z._T.EUR.V.N,Q,Y,I9,W0,S1M,S1,D,P31,_Z,_Z,_T,EUR,V,N,2013-Q2,1396610.53624073,A,F,,,,P3M,"Individual consumption expenditure - Euro area 20 (fixed composition) as of 1 January 2023 - World (all entities, including reference area, including IO), Households and non profit institutions serving households (NPISH), Euro, Current prices, , Calendar and seasonally adjusted data",4D0,,,2,,,C,,,,,S,Private final consumption,,6,
74,MNA.Q.Y.I9.W0.S1M.S1.D.P31._Z._Z._T.EUR.V.N,Q,Y,I9,W0,S1M,S1,D,P31,_Z,_Z,_T,EUR,V,N,2013-Q3,1403865.47969941,A,F,,,,P3M,"Individual consumption expenditure - Euro area 20 (fixed composition) as of 1 January 2023 - World (all entities, including reference area, including IO), Households and non profit institutions serving households (NPISH), Euro, Current prices, , Calendar and seasonally adjusted data",4D0,,,2,,,C,,,,,S,Private final consumption,,6,
75,MNA.Q.Y.I9.W0.S1M.S1.D.P31._Z._Z._T.EUR.V.N,Q,Y,I9,W0,S1M,S1,D,P31,_Z,_Z,_T,EUR,V,N,2013-Q4,1407503.3691079,A,F,,,,P3M,"Individual consumption expenditure - Euro area 20 (fixed composition) as of 1 January 2023 - World (all entities, including reference area, including IO), Households and non profit institutions serving households (NPISH), Euro, Current prices, , Calendar and seasonally adjusted data",4D0,,,2,,,C,,,,,S,Private final consumption,,6,
76,MNA.Q.Y.I9.W0.S1M.S1.D.P31._Z._Z._T.EUR.V.N,Q,Y,I9,W0,S1M,S1,D,P31,_Z,_Z,_T,EUR,V,N,2014-Q1,1410979.5192,A,F,,,,P3M,"Individual consumption expenditure - Euro area 20 (fixed composition) as of 1 January 2023 - World (all entities, including reference area, including IO), Households and non profit institutions serving households (NPISH), Euro, Current prices, , Calendar and seasonally adjusted data",4D0,,,2,,,C,,,,,S,Private final consumption,,6,
77,MNA.Q.Y.I9.W0.S1M.S1.D.P31._Z._Z._T.EUR.V.N,Q,Y,I9,W0,S1M,S1,D,P31,_Z,_Z,_T,EUR,V,N,2014-Q2,1416009.89496615,A,F,,,,P3M,"Individual consumption expenditure - Euro area 20 (fixed composition) as of 1 January 2023 - World (all entities, including reference area, including IO), Households and non profit institutions serving households (NPISH), Euro, Current prices, , Calendar and seasonally adjusted data",4D0,,,2,,,C,,,,,S,Private final consumption,,6,
78,MNA.Q.Y.I9.W0.S1M.S1.D.P31._Z._Z._T.EUR.V.N,Q,Y,I9,W0,S1M,S1,D,P31,_Z,_Z,_T,EUR,V,N,2014-Q3,1423431.62214332,A,F,,,,P3M,"Individual consumption expenditure - Euro area 20 (fixed composition) as of 1 January 2023 - World (all entities, including reference area, including IO), Households and non profit institutions serving households (NPISH), Euro, Current prices, , Calendar and seasonally adjusted data",4D0,,,2,,,C,,,,,S,Private final consumption,,6,
79,MNA.Q.Y.I9.W0.S1M.S1.D.P31._Z._Z._T.EUR.V.N,Q,Y,I9,W0,S1M,S1,D,P31,_Z,_Z,_T,EUR,V,N,2014-Q4,1432435.51582189,A,F,,,,P3M,"Individual consumption expenditure - Euro area 20 (fixed composition) as of 1 January 2023 - World (all entities, including reference area, including IO), Households and non profit institutions serving households (NPISH), Euro, Current prices, , Calendar and seasonally adjusted data",4D0,,,2,,,C,,,,,S,Private final consumption,,6,
80,MNA.Q.Y.I9.W0.S1M.S1.D.P31._Z._Z._T.EUR.V.N,Q,Y,I9,W0,S1M,S1,D,P31,_Z,_Z,_T,EUR,V,N,2015-Q1,1436741.15671225,A,F,,,,P3M,"Individual consumption expenditure - Euro area 20 (fixed composition) as of 1 January 2023 - World (all entities, including reference area, including IO), Households and non profit institutions serving households (NPISH), Euro, Current prices, , Calendar and seasonally adjusted data",4D0,,,2,,,C,,,,,S,Private final consumption,,6,
81,MNA.Q.Y.I9.W0.S1M.S1.D.P31._Z._Z._T.EUR.V.N,Q,Y,I9,W0,S1M,S1,D,P31,_Z,_Z,_T,EUR,V,N,2015-Q2,1453330.31229169,A,F,,,,P3M,"Individual consumption expenditure - Euro area 20 (fixed composition) as of 1 January 2023 - World (all entities, including reference area, including IO), Households and non profit institutions serving households (NPISH), Euro, Current prices, , Calendar and seasonally adjusted data",4D0,,,2,,,C,,,,,S,Private final consumption,,6,
82,MNA.Q.Y.I9.W0.S1M.S1.D.P31._Z._Z._T.EUR.V.N,Q,Y,I9,W0,S1M,S1,D,P31,_Z,_Z,_T,EUR,V,N,2015-Q3,1458846.44427363,A,F,,,,P3M,"Individual consumption expenditure - Euro area 20 (fixed composition) as of 1 January 2023 - World (all entities, including reference area, including IO), Households and non profit institutions serving households (NPISH), Euro, Current prices, , Calendar and seasonally adjusted data",4D0,,,2,,,C,,,,,S,Private final consumption,,6,
83,MNA.Q.Y.I9.W0.S1M.S1.D.P31._Z._Z._T.EUR.V.N,Q,Y,I9,W0,S1M,S1,D,P31,_Z,_Z,_T,EUR,V,N,2015-Q4,1464750.44616729,A,F,,,,P3M,"Individual consumption expenditure - Euro area 20 (fixed composition) as of 1 January 2023 - World (all entities, including reference area, including IO), Households and non profit institutions serving households (NPISH), Euro, Current prices, , Calendar and seasonally adjusted data",4D0,,,2,,,C,,,,,S,Private final consumption,,6,
84,MNA.Q.Y.I9.W0.S1M.S1.D.P31._Z._Z._T.EUR.V.N,Q,Y,I9,W0,S1M,S1,D,P31,_Z,_Z,_T,EUR,V,N,2016-Q1,1471902.33664107,A,F,,,,P3M,"Individual consumption expenditure - Euro area 20 (fixed composition) as of 1 January 2023 - World (all entities, including reference area, including IO), Households and non profit institutions serving households (NPISH), Euro, Current prices, , Calendar and seasonally adjusted data",4D0,,,2,,,C,,,,,S,Private final consumption,,6,
85,MNA.Q.Y.I9.W0.S1M.S1.D.P31._Z._Z._T.EUR.V.N,Q,Y,I9,W0,S1M,S1,D,P31,_Z,_Z,_T,EUR,V,N,2016-Q2,1479604.86293354,A,F,,,,P3M,"Individual consumption expenditure - Euro area 20 (fixed composition) as of 1 January 2023 - World (all entities, including reference area, including IO), Households and non profit institutions serving households (NPISH), Euro, Current prices, , Calendar and seasonally adjusted data",4D0,,,2,,,C,,,,,S,Private final consumption,,6,
86,MNA.Q.Y.I9.W0.S1M.S1.D.P31._Z._Z._T.EUR.V.N,Q,Y,I9,W0,S1M,S1,D,P31,_Z,_Z,_T,EUR,V,N,2016-Q3,1489341.44869194,A,F,,,,P3M,"Individual consumption expenditure - Euro area 20 (fixed composition) as of 1 January 2023 - World (all entities, including reference area, including IO), Households and non profit institutions serving households (NPISH), Euro, Current prices, , Calendar and seasonally adjusted data",4D0,,,2,,,C,,,,,S,Private final consumption,,6,
87,MNA.Q.Y.I9.W0.S1M.S1.D.P31._Z._Z._T.EUR.V.N,Q,Y,I9,W0,S1M,S1,D,P31,_Z,_Z,_T,EUR,V,N,2016-Q4,1505750.36775188,A,F,,,,P3M,"Individual consumption expenditure - Euro area 20 (fixed composition) as of 1 January 2023 - World (all entities, including reference area, including IO), Households and non profit institutions serving households (NPISH), Euro, Current prices, , Calendar and seasonally adjusted data",4D0,,,2,,,C,,,,,S,Private final consumption,,6,
88,MNA.Q.Y.I9.W0.S1M.S1.D.P31._Z._Z._T.EUR.V.N,Q,Y,I9,W0,S1M,S1,D,P31,_Z,_Z,_T,EUR,V,N,2017-Q1,1519995.07917151,A,F,,,,P3M,"Individual consumption expenditure - Euro area 20 (fixed composition) as of 1 January 2023 - World (all entities, including reference area, including IO), Households and non profit institutions serving households (NPISH), Euro, Current prices, , Calendar and seasonally adjusted data",4D0,,,2,,,C,,,,,S,Private final consumption,,6,
89,MNA.Q.Y.I9.W0.S1M.S1.D.P31._Z._Z._T.EUR.V.N,Q,Y,I9,W0,S1M,S1,D,P31,_Z,_Z,_T,EUR,V,N,2017-Q2,1532507.31348523,A,F,,,,P3M,"Individual consumption expenditure - Euro area 20 (fixed composition) as of 1 January 2023 - World (all entities, including reference area, including IO), Households and non profit institutions serving households (NPISH), Euro, Current prices, , Calendar and seasonally adjusted data",4D0,,,2,,,C,,,,,S,Private final consumption,,6,
90,MNA.Q.Y.I9.W0.S1M.S1.D.P31._Z._Z._T.EUR.V.N,Q,Y,I9,W0,S1M,S1,D,P31,_Z,_Z,_T,EUR,V,N,2017-Q3,1540682.53317154,A,F,,,,P3M,"Individual consumption expenditure - Euro area 20 (fixed composition) as of 1 January 2023 - World (all entities, including reference area, including IO), Households and non profit institutions serving households (NPISH), Euro, Current prices, , Calendar and seasonally adjusted data",4D0,,,2,,,C,,,,,S,Private final consumption,,6,
91,MNA.Q.Y.I9.W0.S1M.S1.D.P31._Z._Z._T.EUR.V.N,Q,Y,I9,W0,S1M,S1,D,P31,_Z,_Z,_T,EUR,V,N,2017-Q4,1553261.13719024,A,F,,,,P3M,"Individual consumption expenditure - Euro area 20 (fixed composition) as of 1 January 2023 - World (all entities, including reference area, including IO), Households and non profit institutions serving households (NPISH), Euro, Current prices, , Calendar and seasonally adjusted data",4D0,,,2,,,C,,,,,S,Private final consumption,,6,
92,MNA.Q.Y.I9.W0.S1M.S1.D.P31._Z._Z._T.EUR.V.N,Q,Y,I9,W0,S1M,S1,D,P31,_Z,_Z,_T,EUR,V,N,2018-Q1,1567898.12223235,A,F,,,,P3M,"Individual consumption expenditure - Euro area 20 (fixed composition) as of 1 January 2023 - World (all entities, including reference area, including IO), Households and non profit institutions serving households (NPISH), Euro, Current prices, , Calendar and seasonally adjusted data",4D0,,,2,,,C,,,,,S,Private final consumption,,6,
93,MNA.Q.Y.I9.W0.S1M.S1.D.P31._Z._Z._T.EUR.V.N,Q,Y,I9,W0,S1M,S1,D,P31,_Z,_Z,_T,EUR,V,N,2018-Q2,1579917.01569014,A,F,,,,P3M,"Individual consumption expenditure - Euro area 20 (fixed composition) as of 1 January 2023 - World (all entities, including reference area, including IO), Households and non profit institutions serving households (NPISH), Euro, Current prices, , Calendar and seasonally adjusted data",4D0,,,2,,,C,,,,,S,Private final consumption,,6,
94,MNA.Q.Y.I9.W0.S1M.S1.D.P31._Z._Z._T.EUR.V.N,Q,Y,I9,W0,S1M,S1,D,P31,_Z,_Z,_T,EUR,V,N,2018-Q3,1588764.79945367,A,F,,,,P3M,"Individual consumption expenditure - Euro area 20 (fixed composition) as of 1 January 2023 - World (all entities, including reference area, including IO), Households and non profit institutions serving households (NPISH), Euro, Current prices, , Calendar and seasonally adjusted data",4D0,,,2,,,C,,,,,S,Private final consumption,,6,
95,MNA.Q.Y.I9.W0.S1M.S1.D.P31._Z._Z._T.EUR.V.N,Q,Y,I9,W0,S1M,S1,D,P31,_Z,_Z,_T,EUR,V,N,2018-Q4,1601780.04849988,A,F,,,,P3M,"Individual consumption expenditure - Euro area 20 (fixed composition) as of 1 January 2023 - World (all entities, including reference area, including IO), Households and non profit institutions serving households (NPISH), Euro, Current prices, , Calendar and seasonally adjusted data",4D0,,,2,,,C,,,,,S,Private final consumption,,6,
96,MNA.Q.Y.I9.W0.S1M.S1.D.P31._Z._Z._T.EUR.V.N,Q,Y,I9,W0,S1M,S1,D,P31,_Z,_Z,_T,EUR,V,N,2019-Q1,1607318.21706936,A,F,,,,P3M,"Individual consumption expenditure - Euro area 20 (fixed composition) as of 1 January 2023 - World (all entities, including reference area, including IO), Households and non profit institutions serving households (NPISH), Euro, Current prices, , Calendar and seasonally adjusted data",4D0,,,2,,,C,,,,,S,Private final consumption,,6,
97,MNA.Q.Y.I9.W0.S1M.S1.D.P31._Z._Z._T.EUR.V.N,Q,Y,I9,W0,S1M,S1,D,P31,_Z,_Z,_T,EUR,V,N,2019-Q2,1621608.97315108,A,F,,,,P3M,"Individual consumption expenditure - Euro area 20 (fixed composition) as of 1 January 2023 - World (all entities, including reference area, including IO), Households and non profit institutions serving households (NPISH), Euro, Current prices, , Calendar and seasonally adjusted data",4D0,,,2,,,C,,,,,S,Private final consumption,,6,
98,MNA.Q.Y.I9.W0.S1M.S1.D.P31._Z._Z._T.EUR.V.N,Q,Y,I9,W0,S1M,S1,D,P31,_Z,_Z,_T,EUR,V,N,2019-Q3,1633474.60487368,A,F,,,,P3M,"Individual consumption expenditure - Euro area 20 (fixed composition) as of 1 January 2023 - World (all entities, including reference area, including IO), Households and non profit institutions serving households (NPISH), Euro, Current prices, , Calendar and seasonally adjusted data",4D0,,,2,,,C,,,,,S,Private final consumption,,6,
99,MNA.Q.Y.I9.W0.S1M.S1.D.P31._Z._Z._T.EUR.V.N,Q,Y,I9,W0,S1M,S1,D,P31,_Z,_Z,_T,EUR,V,N,2019-Q4,1640419.2803696,A,F,,,,P3M,"Individual consumption expenditure - Euro area 20 (fixed composition) as of 1 January 2023 - World (all entities, including reference area, including IO), Households and non profit institutions serving households (NPISH), Euro, Current prices, , Calendar and seasonally adjusted data",4D0,,,2,,,C,,,,,S,Private final consumption,,6,
100,MNA.Q.Y.I9.W0.S1M.S1.D.P31._Z._Z._T.EUR.V.N,Q,Y,I9,W0,S1M,S1,D,P31,_Z,_Z,_T,EUR,V,N,2020-Q1,1563698.28425013,A,F,,,,P3M,"Individual consumption expenditure - Euro area 20 (fixed composition) as of 1 January 2023 - World (all entities, including reference area, including IO), Households and non profit institutions serving households (NPISH), Euro, Current prices, , Calendar and seasonally adjusted data",4D0,,,2,,,C,,,,,S,Private final consumption,,6,
101,MNA.Q.Y.I9.W0.S1M.S1.D.P31._Z._Z._T.EUR.V.N,Q,Y,I9,W0,S1M,S1,D,P31,_Z,_Z,_T,EUR,V,N,2020-Q2,1374656.9828585,A,F,,,,P3M,"Individual consumption expenditure - Euro area 20 (fixed composition) as of 1 January 2023 - World (all entities, including reference area, including IO), Households and non profit institutions serving households (NPISH), Euro, Current prices, , Calendar and seasonally adjusted data",4D0,,,2,,,C,,,,,S,Private final consumption,,6,
102,MNA.Q.Y.I9.W0.S1M.S1.D.P31._Z._Z._T.EUR.V.N,Q,Y,I9,W0,S1M,S1,D,P31,_Z,_Z,_T,EUR,V,N,2020-Q3,1562127.91918483,A,F,,,,P3M,"Individual consumption expenditure - Euro area 20 (fixed composition) as of 1 January 2023 - World (all entities, including reference area, including IO), Households and non profit institutions serving households (NPISH), Euro, Current prices, , Calendar and seasonally adjusted data",4D0,,,2,,,C,,,,,S,Private final consumption,,6,
103,MNA.Q.Y.I9.W0.S1M.S1.D.P31._Z._Z._T.EUR.V.N,Q,Y,I9,W0,S1M,S1,D,P31,_Z,_Z,_T,EUR,V,N,2020-Q4,1523069.54915918,A,F,,,,P3M,"Individual consumption expenditure - Euro area 20 (fixed composition) as of 1 January 2023 - World (all entities, including reference area, including IO), Households and non profit institutions serving households (NPISH), Euro, Current prices, , Calendar and seasonally adjusted data",4D0,,,2,,,C,,,,,S,Private final consumption,,6,
104,MNA.Q.Y.I9.W0.S1M.S1.D.P31._Z._Z._T.EUR.V.N,Q,Y,I9,W0,S1M,S1,D,P31,_Z,_Z,_T,EUR,V,N,2021-Q1,1516559.62574416,A,F,,,,P3M,"Individual consumption expenditure - Euro area 20 (fixed composition) as of 1 January 2023 - World (all entities, including reference area, including IO), Households and non profit institutions serving households (NPISH), Euro, Current prices, , Calendar and seasonally adjusted data",4D0,,,2,,,C,,,,,S,Private final consumption,,6,
105,MNA.Q.Y.I9.W0.S1M.S1.D.P31._Z._Z._T.EUR.V.N,Q,Y,I9,W0,S1M,S1,D,P31,_Z,_Z,_T,EUR,V,N,2021-Q2,1584238.18877269,A,F,,,,P3M,"Individual consumption expenditure - Euro area 20 (fixed composition) as of 1 January 2023 - World (all entities, including reference area, including IO), Households and non profit institutions serving households (NPISH), Euro, Current prices, , Calendar and seasonally adjusted data",4D0,,,2,,,C,,,,,S,Private final consumption,,6,
106,MNA.Q.Y.I9.W0.S1M.S1.D.P31._Z._Z._T.EUR.V.N,Q,Y,I9,W0,S1M,S1,D,P31,_Z,_Z,_T,EUR,V,N,2021-Q3,1658922.67926825,A,F,,,,P3M,"Individual consumption expenditure - Euro area 20 (fixed composition) as of 1 January 2023 - World (all entities, including reference area, including IO), Households and non profit institutions serving households (NPISH), Euro, Current prices, , Calendar and seasonally adjusted data",4D0,,,2,,,C,,,,,S,Private final consumption,,6,
107,MNA.Q.Y.I9.W0.S1M.S1.D.P31._Z._Z._T.EUR.V.N,Q,Y,I9,W0,S1M,S1,D,P31,_Z,_Z,_T,EUR,V,N,2021-Q4,1689857.68654769,A,F,,,,P3M,"Individual consumption expenditure - Euro area 20 (fixed composition) as of 1 January 2023 - World (all entities, including reference area, including IO), Households and non profit institutions serving households (NPISH), Euro, Current prices, , Calendar and seasonally adjusted data",4D0,,,2,,,C,,,,,S,Private final consumption,,6,
108,MNA.Q.Y.I9.W0.S1M.S1.D.P31._Z._Z._T.EUR.V.N,Q,Y,I9,W0,S1M,S1,D,P31,_Z,_Z,_T,EUR,V,N,2022-Q1,1735909.92883955,A,F,,,,P3M,"Individual consumption expenditure - Euro area 20 (fixed composition) as of 1 January 2023 - World (all entities, including reference area, including IO), Households and non profit institutions serving households (NPISH), Euro, Current prices, , Calendar and seasonally adjusted data",4D0,,,2,,,C,,,,,S,Private final consumption,,6,
109,MNA.Q.Y.I9.W0.S1M.S1.D.P31._Z._Z._T.EUR.V.N,Q,Y,I9,W0,S1M,S1,D,P31,_Z,_Z,_T,EUR,V,N,2022-Q2,1788605.84457666,A,F,,,,P3M,"Individual consumption expenditure - Euro area 20 (fixed composition) as of 1 January 2023 - World (all entities, including reference area, including IO), Households and non profit institutions serving households (NPISH), Euro, Current prices, , Calendar and seasonally adjusted data",4D0,,,2,,,C,,,,,S,Private final consumption,,6,
110,MNA.Q.Y.I9.W0.S1M.S1.D.P31._Z._Z._T.EUR.V.N,Q,Y,I9,W0,S1M,S1,D,P31,_Z,_Z,_T,EUR,V,N,2022-Q3,1836036.77145115,A,F,,,,P3M,"Individual consumption expenditure - Euro area 20 (fixed composition) as of 1 January 2023 - World (all entities, including reference area, including IO), Households and non profit institutions serving households (NPISH), Euro, Current prices, , Calendar and seasonally adjusted data",4D0,,,2,,,C,,,,,S,Private final consumption,,6,
111,MNA.Q.Y.I9.W0.S1M.S1.D.P31._Z._Z._T.EUR.V.N,Q,Y,I9,W0,S1M,S1,D,P31,_Z,_Z,_T,EUR,V,N,2022-Q4,1867227.28001248,A,F,,,,P3M,"Individual consumption expenditure - Euro area 20 (fixed composition) as of 1 January 2023 - World (all entities, including reference area, including IO), Households and non profit institutions serving households (NPISH), Euro, Current prices, , Calendar and seasonally adjusted data",4D0,,,2,,,C,,,,,S,Private final consumption,,6,
112,MNA.Q.Y.I9.W0.S1M.S1.D.P31._Z._Z._T.EUR.V.N,Q,Y,I9,W0,S1M,S1,D,P31,_Z,_Z,_T,EUR,V,N,2023-Q1,1901299.16817303,A,F,,,,P3M,"Individual consumption expenditure - Euro area 20 (fixed composition) as of 1 January 2023 - World (all entities, including reference area, including IO), Households and non profit institutions serving households (NPISH), Euro, Current prices, , Calendar and seasonally adjusted data",4D0,,,2,,,C,,,,,S,Private final consumption,,6,
113,MNA.Q.Y.I9.W0.S1M.S1.D.P31._Z._Z._T.EUR.V.N,Q,Y,I9,W0,S1M,S1,D,P31,_Z,_Z,_T,EUR,V,N,2023-Q2,1927141.85590559,A,F,,,,P3M,"Individual consumption expenditure - Euro area 20 (fixed composition) as of 1 January 2023 - World (all entities, including reference area, including IO), Households and non profit institutions serving households (NPISH), Euro, Current prices, , Calendar and seasonally adjusted data",4D0,,,2,,,C,,,,,S,Private final consumption,,6,
114,MNA.Q.Y.I9.W0.S1M.S1.D.P31._Z._Z._T.EUR.V.N,Q,Y,I9,W0,S1M,S1,D,P31,_Z,_Z,_T,EUR,V,N,2023-Q3,1944798.59188263,A,F,,,,P3M,"Individual consumption expenditure - Euro area 20 (fixed composition) as of 1 January 2023 - World (all entities, including reference area, including IO), Households and non profit institutions serving households (NPISH), Euro, Current prices, , Calendar and seasonally adjusted data",4D0,,,2,,,C,,,,,S,Private final consumption,,6,
115,MNA.Q.Y.I9.W0.S1M.S1.D.P31._Z._Z._T.EUR.V.N,Q,Y,I9,W0,S1M,S1,D,P31,_Z,_Z,_T,EUR,V,N,2023-Q4,1958203.37649858,A,F,,,,P3M,"Individual consumption expenditure - Euro area 20 (fixed composition) as of 1 January 2023 - World (all entities, including reference area, including IO), Households and non profit institutions serving households (NPISH), Euro, Current prices, , Calendar and seasonally adjusted data",4D0,,,2,,,C,,,,,S,Private final consumption,,6,
116,MNA.Q.Y.I9.W0.S1M.S1.D.P31._Z._Z._T.EUR.V.N,Q,Y,I9,W0,S1M,S1,D,P31,_Z,_Z,_T,EUR,V,N,2024-Q1,1982250.90739806,A,F,,,,P3M,"Individual consumption expenditure - Euro area 20 (fixed composition) as of 1 January 2023 - World (all entities, including reference area, including IO), Households and non profit institutions serving households (NPISH), Euro, Current prices, , Calendar and seasonally adjusted data",4D0,,,2,,,C,,,,,S,Private final consumption,,6,
117,MNA.Q.Y.I9.W0.S1M.S1.D.P31._Z._Z._T.EUR.V.N,Q,Y,I9,W0,S1M,S1,D,P31,_Z,_Z,_T,EUR,V,N,2024-Q2,1990926.81938298,A,F,,,,P3M,"Individual consumption expenditure - Euro area 20 (fixed composition) as of 1 January 2023 - World (all entities, including reference area, including IO), Households and non profit institutions serving households (NPISH), Euro, Current prices, , Calendar and seasonally adjusted data",4D0,,,2,,,C,,,,,S,Private final consumption,,6,
118,MNA.Q.Y.I9.W0.S1M.S1.D.P31._Z._Z._T.EUR.V.N,Q,Y,I9,W0,S1M,S1,D,P31,_Z,_Z,_T,EUR,V,N,2024-Q3,2008267.79605492,A,F,,,,P3M,"Individual consumption expenditure - Euro area 20 (fixed composition) as of 1 January 2023 - World (all entities, including reference area, including IO), Households and non profit institutions serving households (NPISH), Euro, Current prices, , Calendar and seasonally adjusted data",4D0,,,2,,,C,,,,,S,Private final consumption,,6,
119,MNA.Q.Y.I9.W0.S1M.S1.D.P31._Z._Z._T.EUR.V.N,Q,Y,I9,W0,S1M,S1,D,P31,_Z,_Z,_T,EUR,V,N,2024-Q4,2026434.24606992,A,F,,,,P3M,"Individual consumption expenditure - Euro area 20 (fixed composition) as of 1 January 2023 - World (all entities, including reference area, including IO), Households and non profit institutions serving households (NPISH), Euro, Current prices, , Calendar and seasonally adjusted data",4D0,,,2,,,C,,,,,S,Private final consumption,,6,
